"Status","Start Time","Stop Time","Duration in ms","Parent Suite","Suite","Sub Suite","Test Class","Test Method","Name","Description"
"passed","Sat Apr 26 03:33:55 GMT 2025","Sat Apr 26 03:33:55 GMT 2025","405","Regression","Example","com.example.demo.tests.booksapitests.negative.PostBookNegativeTests","com.example.demo.tests.booksapitests.negative.PostBookNegativeTests","testStep1","testStep1","POST book: Verify error with invalid property"
"passed","Sat Apr 26 03:33:45 GMT 2025","Sat Apr 26 03:33:45 GMT 2025","398","Regression","Example","com.example.demo.tests.booksapitests.negative.PutBookNegativeTests","com.example.demo.tests.booksapitests.negative.PutBookNegativeTests","step3","step3","PUT book: Verify error with invalid property"
"passed","Sat Apr 26 03:33:42 GMT 2025","Sat Apr 26 03:33:42 GMT 2025","410","Regression","Example","com.example.demo.tests.booksapitests.negative.GetBookByIdNegativeTests","com.example.demo.tests.booksapitests.negative.GetBookByIdNegativeTests","step1","step1","GET book by id: Verify not found error with non existing book id"
"passed","Sat Apr 26 03:33:48 GMT 2025","Sat Apr 26 03:33:49 GMT 2025","399","Regression","Example","com.example.demo.tests.booksapitests.negative.PostBookNegativeTests","com.example.demo.tests.booksapitests.negative.PostBookNegativeTests","testStep1","testStep1","POST book: Verify error with invalid property"
"passed","Sat Apr 26 03:33:50 GMT 2025","Sat Apr 26 03:33:50 GMT 2025","398","Regression","Example","com.example.demo.tests.booksapitests.negative.PutBookNegativeTests","com.example.demo.tests.booksapitests.negative.PutBookNegativeTests","step3","step3","PUT book: Verify error with invalid property"
"passed","Sat Apr 26 03:33:38 GMT 2025","Sat Apr 26 03:33:38 GMT 2025","420","Regression","Example","com.example.demo.tests.authorsapitests.negative.PutAuthorNegativeTests","com.example.demo.tests.authorsapitests.negative.PutAuthorNegativeTests","step3","step3","PUT author: Verify error with invalid property"
"passed","Sat Apr 26 03:33:43 GMT 2025","Sat Apr 26 03:33:43 GMT 2025","405","Regression","Example","com.example.demo.tests.authorsapitests.negative.PutAuthorNegativeTests","com.example.demo.tests.authorsapitests.negative.PutAuthorNegativeTests","step3","step3","PUT author: Verify error with invalid property"
"passed","Sat Apr 26 03:33:50 GMT 2025","Sat Apr 26 03:33:50 GMT 2025","405","Regression","Example","com.example.demo.tests.booksapitests.negative.PostBookNegativeTests","com.example.demo.tests.booksapitests.negative.PostBookNegativeTests","testStep1","testStep1","POST book: Verify error with invalid property"
"passed","Sat Apr 26 03:33:44 GMT 2025","Sat Apr 26 03:33:45 GMT 2025","587","Regression","Example","com.example.demo.tests.booksapitests.happy.PostBookHappyTests","com.example.demo.tests.booksapitests.happy.PostBookHappyTests","testStep1","testStep1","POST book: Verify that a new Book is accepted and response body is correct"
"failed","Sat Apr 26 03:33:41 GMT 2025","Sat Apr 26 03:33:41 GMT 2025","401","Regression","Example","com.example.demo.tests.booksapitests.negative.PutBookNegativeTests","com.example.demo.tests.booksapitests.negative.PutBookNegativeTests","step1","step1","PUT book by id: Verify not found error with non existing book id"
"passed","Sat Apr 26 03:33:43 GMT 2025","Sat Apr 26 03:33:43 GMT 2025","404","Regression","Example","com.example.demo.tests.booksapitests.negative.PostBookNegativeTests","com.example.demo.tests.booksapitests.negative.PostBookNegativeTests","testStep1","testStep1","POST book: Verify error with invalid property"
"passed","Sat Apr 26 03:33:44 GMT 2025","Sat Apr 26 03:33:45 GMT 2025","406","Regression","Example","com.example.demo.tests.authorsapitests.negative.PutAuthorNegativeTests","com.example.demo.tests.authorsapitests.negative.PutAuthorNegativeTests","step3","step3","PUT author: Verify error with invalid property"
"passed","Sat Apr 26 03:33:43 GMT 2025","Sat Apr 26 03:33:43 GMT 2025","402","Regression","Example","com.example.demo.tests.booksapitests.negative.GetBookByIdNegativeTests","com.example.demo.tests.booksapitests.negative.GetBookByIdNegativeTests","step2","step2","GET book by id: Verify invalid id error with invalid book id"
"passed","Sat Apr 26 03:33:37 GMT 2025","Sat Apr 26 03:33:37 GMT 2025","446","Regression","Example","com.example.demo.tests.authorsapitests.negative.DeleteAuthorByIdNegativeTests","com.example.demo.tests.authorsapitests.negative.DeleteAuthorByIdNegativeTests","step2","step2","DELETE author by id: Verify invalid id error with invalid author id"
"passed","Sat Apr 26 03:33:45 GMT 2025","Sat Apr 26 03:33:45 GMT 2025","400","Regression","Example","com.example.demo.tests.booksapitests.happy.PostBookHappyTests","com.example.demo.tests.booksapitests.happy.PostBookHappyTests","testStep1","testStep1","POST book: Verify that a new Book is accepted and response body is correct"
"passed","Sat Apr 26 03:33:48 GMT 2025","Sat Apr 26 03:33:48 GMT 2025","405","Regression","Example","com.example.demo.tests.booksapitests.negative.PostBookNegativeTests","com.example.demo.tests.booksapitests.negative.PostBookNegativeTests","testStep1","testStep1","POST book: Verify error with invalid property"
"passed","Sat Apr 26 03:33:34 GMT 2025","Sat Apr 26 03:33:36 GMT 2025","2889","Regression","Example","com.example.demo.tests.authorsapitests.negative.PutAuthorNegativeTests","com.example.demo.tests.authorsapitests.negative.PutAuthorNegativeTests","step2","step2","PUT author by id: Verify invalid id error with invalid author id"
"failed","Sat Apr 26 03:33:41 GMT 2025","Sat Apr 26 03:33:42 GMT 2025","408","Regression","Example","com.example.demo.tests.authorsapitests.negative.PutAuthorNegativeTests","com.example.demo.tests.authorsapitests.negative.PutAuthorNegativeTests","step3","step3","PUT author: Verify error with invalid property"
"failed","Sat Apr 26 03:33:39 GMT 2025","Sat Apr 26 03:33:39 GMT 2025","405","Regression","Example","com.example.demo.tests.booksapitests.negative.DeleteBookByIdNegativeTests","com.example.demo.tests.booksapitests.negative.DeleteBookByIdNegativeTests","step1","step1","DELETE book by id: Verify not found error with non existing book id"
"passed","Sat Apr 26 03:33:49 GMT 2025","Sat Apr 26 03:33:49 GMT 2025","407","Regression","Example","com.example.demo.tests.booksapitests.negative.PutBookNegativeTests","com.example.demo.tests.booksapitests.negative.PutBookNegativeTests","step3","step3","PUT book: Verify error with invalid property"
"passed","Sat Apr 26 03:33:38 GMT 2025","Sat Apr 26 03:33:38 GMT 2025","421","Regression","Example","com.example.demo.tests.authorsapitests.negative.PostAuthorNegativeTests","com.example.demo.tests.authorsapitests.negative.PostAuthorNegativeTests","testStep1","testStep1","POST author: Verify error with invalid property"
"passed","Sat Apr 26 03:33:42 GMT 2025","Sat Apr 26 03:33:43 GMT 2025","404","Regression","Example","com.example.demo.tests.authorsapitests.negative.PutAuthorNegativeTests","com.example.demo.tests.authorsapitests.negative.PutAuthorNegativeTests","step3","step3","PUT author: Verify error with invalid property"
"failed","Sat Apr 26 03:33:42 GMT 2025","Sat Apr 26 03:33:43 GMT 2025","401","Regression","Example","com.example.demo.tests.booksapitests.negative.PutBookNegativeTests","com.example.demo.tests.booksapitests.negative.PutBookNegativeTests","step3","step3","PUT book: Verify error with invalid property"
"passed","Sat Apr 26 03:33:52 GMT 2025","Sat Apr 26 03:33:53 GMT 2025","400","Regression","Example","com.example.demo.tests.booksapitests.negative.PutBookNegativeTests","com.example.demo.tests.booksapitests.negative.PutBookNegativeTests","step3","step3","PUT book: Verify error with invalid property"
"passed","Sat Apr 26 03:33:49 GMT 2025","Sat Apr 26 03:33:49 GMT 2025","400","Regression","Example","com.example.demo.tests.booksapitests.negative.PutBookNegativeTests","com.example.demo.tests.booksapitests.negative.PutBookNegativeTests","step3","step3","PUT book: Verify error with invalid property"
"passed","Sat Apr 26 03:33:39 GMT 2025","Sat Apr 26 03:33:39 GMT 2025","407","Regression","Example","com.example.demo.tests.authorsapitests.happy.PutAuthorHappyTests","com.example.demo.tests.authorsapitests.happy.PutAuthorHappyTests","testStep1","testStep1","PUT author: Verify that an updated Author is accepted and response body is correct"
"passed","Sat Apr 26 03:33:41 GMT 2025","Sat Apr 26 03:33:41 GMT 2025","404","Regression","Example","com.example.demo.tests.authorsapitests.negative.PutAuthorNegativeTests","com.example.demo.tests.authorsapitests.negative.PutAuthorNegativeTests","step3","step3","PUT author: Verify error with invalid property"
"passed","Sat Apr 26 03:33:52 GMT 2025","Sat Apr 26 03:33:52 GMT 2025","403","Regression","Example","com.example.demo.tests.booksapitests.negative.PostBookNegativeTests","com.example.demo.tests.booksapitests.negative.PostBookNegativeTests","testStep1","testStep1","POST book: Verify error with invalid property"
"passed","Sat Apr 26 03:33:39 GMT 2025","Sat Apr 26 03:33:40 GMT 2025","407","Regression","Example","com.example.demo.tests.authorsapitests.happy.PostAuthorHappyTests","com.example.demo.tests.authorsapitests.happy.PostAuthorHappyTests","testStep1","testStep1","POST author: Verify that a new Author is accepted and response body is correct"
"passed","Sat Apr 26 03:33:38 GMT 2025","Sat Apr 26 03:33:38 GMT 2025","407","Regression","Example","com.example.demo.tests.authorsapitests.happy.DeleteAuthorByIdHappyTest","com.example.demo.tests.authorsapitests.happy.DeleteAuthorByIdHappyTest","step1","step1","DELETE author by id: Verify an author can be deleted and response body is empty"
"failed","Sat Apr 26 03:33:53 GMT 2025","Sat Apr 26 03:33:53 GMT 2025","396","Regression","Example","com.example.demo.tests.booksapitests.negative.PutBookNegativeTests","com.example.demo.tests.booksapitests.negative.PutBookNegativeTests","step3","step3","PUT book: Verify error with invalid property"
"passed","Sat Apr 26 03:33:42 GMT 2025","Sat Apr 26 03:33:43 GMT 2025","405","Regression","Example","com.example.demo.tests.authorsapitests.negative.PostAuthorNegativeTests","com.example.demo.tests.authorsapitests.negative.PostAuthorNegativeTests","testStep1","testStep1","POST author: Verify error with invalid property"
"passed","Sat Apr 26 03:33:48 GMT 2025","Sat Apr 26 03:33:48 GMT 2025","404","Regression","Example","com.example.demo.tests.booksapitests.happy.PutBookHappyTests","com.example.demo.tests.booksapitests.happy.PutBookHappyTests","testStep1","testStep1","PUT book: Verify that an updated Book is accepted and response body is correct"
"passed","Sat Apr 26 03:33:46 GMT 2025","Sat Apr 26 03:33:47 GMT 2025","412","Regression","Example","com.example.demo.tests.booksapitests.negative.PutBookNegativeTests","com.example.demo.tests.booksapitests.negative.PutBookNegativeTests","step3","step3","PUT book: Verify error with invalid property"
"failed","Sat Apr 26 03:33:34 GMT 2025","Sat Apr 26 03:33:36 GMT 2025","2093","Regression","Example","com.example.demo.tests.authorsapitests.negative.DeleteAuthorByIdNegativeTests","com.example.demo.tests.authorsapitests.negative.DeleteAuthorByIdNegativeTests","step1","step1","DELETE author by id: Verify not found error with non existing author id"
"passed","Sat Apr 26 03:33:39 GMT 2025","Sat Apr 26 03:33:39 GMT 2025","410","Regression","Example","com.example.demo.tests.authorsapitests.happy.PostAuthorHappyTests","com.example.demo.tests.authorsapitests.happy.PostAuthorHappyTests","testStep1","testStep1","POST author: Verify that a new Author is accepted and response body is correct"
"passed","Sat Apr 26 03:33:47 GMT 2025","Sat Apr 26 03:33:48 GMT 2025","441","Regression","Example","com.example.demo.tests.booksapitests.negative.PutBookNegativeTests","com.example.demo.tests.booksapitests.negative.PutBookNegativeTests","step3","step3","PUT book: Verify error with invalid property"
"failed","Sat Apr 26 03:33:36 GMT 2025","Sat Apr 26 03:33:36 GMT 2025","486","Regression","Example","com.example.demo.tests.authorsapitests.negative.PutAuthorNegativeTests","com.example.demo.tests.authorsapitests.negative.PutAuthorNegativeTests","step1","step1","PUT author by id: Verify not found error with non existing author id"
"failed","Sat Apr 26 03:33:41 GMT 2025","Sat Apr 26 03:33:41 GMT 2025","408","Regression","Example","com.example.demo.tests.authorsapitests.negative.PostAuthorNegativeTests","com.example.demo.tests.authorsapitests.negative.PostAuthorNegativeTests","testStep1","testStep1","POST author: Verify error with invalid property"
"passed","Sat Apr 26 03:33:37 GMT 2025","Sat Apr 26 03:33:38 GMT 2025","426","Regression","Example","com.example.demo.tests.authorsapitests.negative.PutAuthorNegativeTests","com.example.demo.tests.authorsapitests.negative.PutAuthorNegativeTests","step3","step3","PUT author: Verify error with invalid property"
"failed","Sat Apr 26 03:33:38 GMT 2025","Sat Apr 26 03:33:38 GMT 2025","419","Regression","Example","com.example.demo.tests.authorsapitests.negative.PutAuthorNegativeTests","com.example.demo.tests.authorsapitests.negative.PutAuthorNegativeTests","step3","step3","PUT author: Verify error with invalid property"
"passed","Sat Apr 26 03:33:37 GMT 2025","Sat Apr 26 03:33:37 GMT 2025","431","Regression","Example","com.example.demo.tests.authorsapitests.negative.PostAuthorNegativeTests","com.example.demo.tests.authorsapitests.negative.PostAuthorNegativeTests","testStep1","testStep1","POST author: Verify error with invalid property"
"passed","Sat Apr 26 03:33:47 GMT 2025","Sat Apr 26 03:33:47 GMT 2025","408","Regression","Example","com.example.demo.tests.authorsapitests.negative.PutAuthorNegativeTests","com.example.demo.tests.authorsapitests.negative.PutAuthorNegativeTests","step3","step3","PUT author: Verify error with invalid property"
"passed","Sat Apr 26 03:33:46 GMT 2025","Sat Apr 26 03:33:46 GMT 2025","398","Regression","Example","com.example.demo.tests.booksapitests.negative.PostBookNegativeTests","com.example.demo.tests.booksapitests.negative.PostBookNegativeTests","testStep1","testStep1","POST book: Verify error with invalid property"
"passed","Sat Apr 26 03:33:55 GMT 2025","Sat Apr 26 03:33:55 GMT 2025","404","Regression","Example","com.example.demo.tests.booksapitests.negative.PostBookNegativeTests","com.example.demo.tests.booksapitests.negative.PostBookNegativeTests","testStep1","testStep1","POST book: Verify error with invalid property"
"passed","Sat Apr 26 03:33:46 GMT 2025","Sat Apr 26 03:33:47 GMT 2025","416","Regression","Example","com.example.demo.tests.authorsapitests.negative.PutAuthorNegativeTests","com.example.demo.tests.authorsapitests.negative.PutAuthorNegativeTests","step3","step3","PUT author: Verify error with invalid property"
"passed","Sat Apr 26 03:33:37 GMT 2025","Sat Apr 26 03:33:37 GMT 2025","457","Regression","Example","com.example.demo.tests.authorsapitests.negative.GetAuthorByIdNegativeTests","com.example.demo.tests.authorsapitests.negative.GetAuthorByIdNegativeTests","step1","step1","GET author by id: Verify not found error with non existing author id"
"failed","Sat Apr 26 03:33:36 GMT 2025","Sat Apr 26 03:33:37 GMT 2025","437","Regression","Example","com.example.demo.tests.authorsapitests.negative.DeleteAuthorByIdNegativeTests","com.example.demo.tests.authorsapitests.negative.DeleteAuthorByIdNegativeTests","step1","step1","DELETE author by id: Verify not found error with non existing author id"
"passed","Sat Apr 26 03:33:45 GMT 2025","Sat Apr 26 03:33:46 GMT 2025","398","Regression","Example","com.example.demo.tests.authorsapitests.negative.PostAuthorNegativeTests","com.example.demo.tests.authorsapitests.negative.PostAuthorNegativeTests","testStep1","testStep1","POST author: Verify error with invalid property"
"passed","Sat Apr 26 03:33:41 GMT 2025","Sat Apr 26 03:33:41 GMT 2025","403","Regression","Example","com.example.demo.tests.booksapitests.negative.PutBookNegativeTests","com.example.demo.tests.booksapitests.negative.PutBookNegativeTests","step2","step2","PUT book by id: Verify invalid id error with invalid book id"
"passed","Sat Apr 26 03:33:41 GMT 2025","Sat Apr 26 03:33:42 GMT 2025","405","Regression","Example","com.example.demo.tests.booksapitests.negative.PutBookNegativeTests","com.example.demo.tests.booksapitests.negative.PutBookNegativeTests","step3","step3","PUT book: Verify error with invalid property"
"passed","Sat Apr 26 03:33:44 GMT 2025","Sat Apr 26 03:33:44 GMT 2025","402","Regression","Example","com.example.demo.tests.authorsapitests.negative.PostAuthorNegativeTests","com.example.demo.tests.authorsapitests.negative.PostAuthorNegativeTests","testStep1","testStep1","POST author: Verify error with invalid property"
"passed","Sat Apr 26 03:33:42 GMT 2025","Sat Apr 26 03:33:42 GMT 2025","417","Regression","Example","com.example.demo.tests.authorsapitests.negative.PutAuthorNegativeTests","com.example.demo.tests.authorsapitests.negative.PutAuthorNegativeTests","step3","step3","PUT author: Verify error with invalid property"
"passed","Sat Apr 26 03:33:52 GMT 2025","Sat Apr 26 03:33:52 GMT 2025","399","Regression","Example","com.example.demo.tests.booksapitests.negative.PostBookNegativeTests","com.example.demo.tests.booksapitests.negative.PostBookNegativeTests","testStep1","testStep1","POST book: Verify error with invalid property"
"passed","Sat Apr 26 03:33:38 GMT 2025","Sat Apr 26 03:33:38 GMT 2025","417","Regression","Example","com.example.demo.tests.authorsapitests.negative.GetAuthorByIdNegativeTests","com.example.demo.tests.authorsapitests.negative.GetAuthorByIdNegativeTests","step1","step1","GET author by id: Verify not found error with non existing author id"
"passed","Sat Apr 26 03:33:55 GMT 2025","Sat Apr 26 03:33:55 GMT 2025","398","Regression","Example","com.example.demo.tests.booksapitests.negative.PutBookNegativeTests","com.example.demo.tests.booksapitests.negative.PutBookNegativeTests","step3","step3","PUT book: Verify error with invalid property"
"passed","Sat Apr 26 03:33:55 GMT 2025","Sat Apr 26 03:33:56 GMT 2025","402","Regression","Example","com.example.demo.tests.booksapitests.negative.PostBookNegativeTests","com.example.demo.tests.booksapitests.negative.PostBookNegativeTests","testStep1","testStep1","POST book: Verify error with invalid property"
"passed","Sat Apr 26 03:33:38 GMT 2025","Sat Apr 26 03:33:39 GMT 2025","435","Regression","Example","com.example.demo.tests.authorsapitests.negative.PutAuthorNegativeTests","com.example.demo.tests.authorsapitests.negative.PutAuthorNegativeTests","step3","step3","PUT author: Verify error with invalid property"
"passed","Sat Apr 26 03:33:38 GMT 2025","Sat Apr 26 03:33:39 GMT 2025","700","Regression","Example","com.example.demo.tests.authorsapitests.happy.GetAllAuthorsHappyTest","com.example.demo.tests.authorsapitests.happy.GetAllAuthorsHappyTest","step1","step1","GET all authors: Verify all authors can be retrieved and response matches JSON schema"
"passed","Sat Apr 26 03:33:42 GMT 2025","Sat Apr 26 03:33:42 GMT 2025","419","Regression","Example","com.example.demo.tests.booksapitests.negative.PostBookNegativeTests","com.example.demo.tests.booksapitests.negative.PostBookNegativeTests","testStep1","testStep1","POST book: Verify error with invalid property"
"passed","Sat Apr 26 03:33:43 GMT 2025","Sat Apr 26 03:33:44 GMT 2025","400","Regression","Example","com.example.demo.tests.booksapitests.negative.GetBookByIdNegativeTests","com.example.demo.tests.booksapitests.negative.GetBookByIdNegativeTests","step2","step2","GET book by id: Verify invalid id error with invalid book id"
"passed","Sat Apr 26 03:33:48 GMT 2025","Sat Apr 26 03:33:48 GMT 2025","405","Regression","Example","com.example.demo.tests.booksapitests.negative.PostBookNegativeTests","com.example.demo.tests.booksapitests.negative.PostBookNegativeTests","testStep1","testStep1","POST book: Verify error with invalid property"
"passed","Sat Apr 26 03:33:48 GMT 2025","Sat Apr 26 03:33:48 GMT 2025","404","Regression","Example","com.example.demo.tests.booksapitests.negative.PutBookNegativeTests","com.example.demo.tests.booksapitests.negative.PutBookNegativeTests","step3","step3","PUT book: Verify error with invalid property"
"passed","Sat Apr 26 03:33:42 GMT 2025","Sat Apr 26 03:33:42 GMT 2025","403","Regression","Example","com.example.demo.tests.booksapitests.negative.PutBookNegativeTests","com.example.demo.tests.booksapitests.negative.PutBookNegativeTests","step3","step3","PUT book: Verify error with invalid property"
"failed","Sat Apr 26 03:33:40 GMT 2025","Sat Apr 26 03:33:41 GMT 2025","414","Regression","Example","com.example.demo.tests.booksapitests.negative.PutBookNegativeTests","com.example.demo.tests.booksapitests.negative.PutBookNegativeTests","step1","step1","PUT book by id: Verify not found error with non existing book id"
"passed","Sat Apr 26 03:33:45 GMT 2025","Sat Apr 26 03:33:46 GMT 2025","403","Regression","Example","com.example.demo.tests.authorsapitests.negative.PutAuthorNegativeTests","com.example.demo.tests.authorsapitests.negative.PutAuthorNegativeTests","step3","step3","PUT author: Verify error with invalid property"
"passed","Sat Apr 26 03:33:41 GMT 2025","Sat Apr 26 03:33:42 GMT 2025","415","Regression","Example","com.example.demo.tests.booksapitests.negative.GetBookByIdNegativeTests","com.example.demo.tests.booksapitests.negative.GetBookByIdNegativeTests","step1","step1","GET book by id: Verify not found error with non existing book id"
"passed","Sat Apr 26 03:33:43 GMT 2025","Sat Apr 26 03:33:43 GMT 2025","403","Regression","Example","com.example.demo.tests.booksapitests.negative.PutBookNegativeTests","com.example.demo.tests.booksapitests.negative.PutBookNegativeTests","step3","step3","PUT book: Verify error with invalid property"
"passed","Sat Apr 26 03:33:39 GMT 2025","Sat Apr 26 03:33:39 GMT 2025","407","Regression","Example","com.example.demo.tests.authorsapitests.negative.PostAuthorNegativeTests","com.example.demo.tests.authorsapitests.negative.PostAuthorNegativeTests","testStep1","testStep1","POST author: Verify error with invalid property"
"passed","Sat Apr 26 03:33:37 GMT 2025","Sat Apr 26 03:33:38 GMT 2025","425","Regression","Example","com.example.demo.tests.authorsapitests.negative.GetAuthorByIdNegativeTests","com.example.demo.tests.authorsapitests.negative.GetAuthorByIdNegativeTests","step2","step2","GET author by id: Verify invalid id error with invalid author id"
"passed","Sat Apr 26 03:33:45 GMT 2025","Sat Apr 26 03:33:46 GMT 2025","472","Regression","Example","com.example.demo.tests.booksapitests.negative.PostBookNegativeTests","com.example.demo.tests.booksapitests.negative.PostBookNegativeTests","testStep1","testStep1","POST book: Verify error with invalid property"
"passed","Sat Apr 26 03:33:38 GMT 2025","Sat Apr 26 03:33:39 GMT 2025","415","Regression","Example","com.example.demo.tests.authorsapitests.negative.PostAuthorNegativeTests","com.example.demo.tests.authorsapitests.negative.PostAuthorNegativeTests","testStep1","testStep1","POST author: Verify error with invalid property"
"passed","Sat Apr 26 03:33:55 GMT 2025","Sat Apr 26 03:33:56 GMT 2025","401","Regression","Example","com.example.demo.tests.booksapitests.negative.PutBookNegativeTests","com.example.demo.tests.booksapitests.negative.PutBookNegativeTests","step3","step3","PUT book: Verify error with invalid property"
"passed","Sat Apr 26 03:33:42 GMT 2025","Sat Apr 26 03:33:42 GMT 2025","412","Regression","Example","com.example.demo.tests.authorsapitests.negative.PostAuthorNegativeTests","com.example.demo.tests.authorsapitests.negative.PostAuthorNegativeTests","testStep1","testStep1","POST author: Verify error with invalid property"
"failed","Sat Apr 26 03:33:36 GMT 2025","Sat Apr 26 03:33:37 GMT 2025","433","Regression","Example","com.example.demo.tests.authorsapitests.negative.PutAuthorNegativeTests","com.example.demo.tests.authorsapitests.negative.PutAuthorNegativeTests","step1","step1","PUT author by id: Verify not found error with non existing author id"
"passed","Sat Apr 26 03:33:43 GMT 2025","Sat Apr 26 03:33:43 GMT 2025","413","Regression","Example","com.example.demo.tests.authorsapitests.negative.PutAuthorNegativeTests","com.example.demo.tests.authorsapitests.negative.PutAuthorNegativeTests","step3","step3","PUT author: Verify error with invalid property"
"passed","Sat Apr 26 03:33:56 GMT 2025","Sat Apr 26 03:33:56 GMT 2025","401","Regression","Example","com.example.demo.tests.booksapitests.negative.PostBookNegativeTests","com.example.demo.tests.booksapitests.negative.PostBookNegativeTests","testStep1","testStep1","POST book: Verify error with invalid property"
"passed","Sat Apr 26 03:33:51 GMT 2025","Sat Apr 26 03:33:51 GMT 2025","399","Regression","Example","com.example.demo.tests.booksapitests.negative.PostBookNegativeTests","com.example.demo.tests.booksapitests.negative.PostBookNegativeTests","testStep1","testStep1","POST book: Verify error with invalid property"
"passed","Sat Apr 26 03:33:43 GMT 2025","Sat Apr 26 03:33:43 GMT 2025","411","Regression","Example","com.example.demo.tests.authorsapitests.negative.PostAuthorNegativeTests","com.example.demo.tests.authorsapitests.negative.PostAuthorNegativeTests","testStep1","testStep1","POST author: Verify error with invalid property"
"passed","Sat Apr 26 03:33:44 GMT 2025","Sat Apr 26 03:33:44 GMT 2025","400","Regression","Example","com.example.demo.tests.booksapitests.negative.PutBookNegativeTests","com.example.demo.tests.booksapitests.negative.PutBookNegativeTests","step3","step3","PUT book: Verify error with invalid property"
"passed","Sat Apr 26 03:33:44 GMT 2025","Sat Apr 26 03:33:45 GMT 2025","414","Regression","Example","com.example.demo.tests.booksapitests.negative.PostBookNegativeTests","com.example.demo.tests.booksapitests.negative.PostBookNegativeTests","testStep1","testStep1","POST book: Verify error with invalid property"
"passed","Sat Apr 26 03:33:42 GMT 2025","Sat Apr 26 03:33:43 GMT 2025","436","Regression","Example","com.example.demo.tests.booksapitests.negative.GetBookByIdNegativeTests","com.example.demo.tests.booksapitests.negative.GetBookByIdNegativeTests","step1","step1","GET book by id: Verify not found error with non existing book id"
"passed","Sat Apr 26 03:33:53 GMT 2025","Sat Apr 26 03:33:53 GMT 2025","399","Regression","Example","com.example.demo.tests.booksapitests.negative.PutBookNegativeTests","com.example.demo.tests.booksapitests.negative.PutBookNegativeTests","step3","step3","PUT book: Verify error with invalid property"
"passed","Sat Apr 26 03:33:49 GMT 2025","Sat Apr 26 03:33:49 GMT 2025","399","Regression","Example","com.example.demo.tests.booksapitests.negative.PostBookNegativeTests","com.example.demo.tests.booksapitests.negative.PostBookNegativeTests","testStep1","testStep1","POST book: Verify error with invalid property"
"passed","Sat Apr 26 03:33:44 GMT 2025","Sat Apr 26 03:33:45 GMT 2025","421","Regression","Example","com.example.demo.tests.authorsapitests.negative.PostAuthorNegativeTests","com.example.demo.tests.authorsapitests.negative.PostAuthorNegativeTests","testStep1","testStep1","POST author: Verify error with invalid property"
"passed","Sat Apr 26 03:33:50 GMT 2025","Sat Apr 26 03:33:50 GMT 2025","399","Regression","Example","com.example.demo.tests.booksapitests.negative.PostBookNegativeTests","com.example.demo.tests.booksapitests.negative.PostBookNegativeTests","testStep1","testStep1","POST book: Verify error with invalid property"
"passed","Sat Apr 26 03:33:47 GMT 2025","Sat Apr 26 03:33:47 GMT 2025","416","Regression","Example","com.example.demo.tests.booksapitests.negative.PutBookNegativeTests","com.example.demo.tests.booksapitests.negative.PutBookNegativeTests","step3","step3","PUT book: Verify error with invalid property"
"passed","Sat Apr 26 03:33:54 GMT 2025","Sat Apr 26 03:33:54 GMT 2025","405","Regression","Example","com.example.demo.tests.booksapitests.negative.PostBookNegativeTests","com.example.demo.tests.booksapitests.negative.PostBookNegativeTests","testStep1","testStep1","POST book: Verify error with invalid property"
"passed","Sat Apr 26 03:33:51 GMT 2025","Sat Apr 26 03:33:52 GMT 2025","402","Regression","Example","com.example.demo.tests.booksapitests.negative.PostBookNegativeTests","com.example.demo.tests.booksapitests.negative.PostBookNegativeTests","testStep1","testStep1","POST book: Verify error with invalid property"
"passed","Sat Apr 26 03:33:44 GMT 2025","Sat Apr 26 03:33:44 GMT 2025","399","Regression","Example","com.example.demo.tests.booksapitests.negative.PostBookNegativeTests","com.example.demo.tests.booksapitests.negative.PostBookNegativeTests","testStep1","testStep1","POST book: Verify error with invalid property"
"passed","Sat Apr 26 03:33:38 GMT 2025","Sat Apr 26 03:33:38 GMT 2025","416","Regression","Example","com.example.demo.tests.authorsapitests.negative.GetAuthorByIdNegativeTests","com.example.demo.tests.authorsapitests.negative.GetAuthorByIdNegativeTests","step2","step2","GET author by id: Verify invalid id error with invalid author id"
"passed","Sat Apr 26 03:33:46 GMT 2025","Sat Apr 26 03:33:46 GMT 2025","401","Regression","Example","com.example.demo.tests.authorsapitests.negative.PostAuthorNegativeTests","com.example.demo.tests.authorsapitests.negative.PostAuthorNegativeTests","testStep1","testStep1","POST author: Verify error with invalid property"
"passed","Sat Apr 26 03:33:37 GMT 2025","Sat Apr 26 03:33:38 GMT 2025","431","Regression","Example","com.example.demo.tests.authorsapitests.negative.GetAuthorByIdNegativeTests","com.example.demo.tests.authorsapitests.negative.GetAuthorByIdNegativeTests","step1","step1","GET author by id: Verify not found error with non existing author id"
"passed","Sat Apr 26 03:33:44 GMT 2025","Sat Apr 26 03:33:44 GMT 2025","416","Regression","Example","com.example.demo.tests.booksapitests.negative.PutBookNegativeTests","com.example.demo.tests.booksapitests.negative.PutBookNegativeTests","step3","step3","PUT book: Verify error with invalid property"
"passed","Sat Apr 26 03:33:52 GMT 2025","Sat Apr 26 03:33:53 GMT 2025","399","Regression","Example","com.example.demo.tests.booksapitests.negative.PostBookNegativeTests","com.example.demo.tests.booksapitests.negative.PostBookNegativeTests","testStep1","testStep1","POST book: Verify error with invalid property"
"passed","Sat Apr 26 03:33:37 GMT 2025","Sat Apr 26 03:33:37 GMT 2025","422","Regression","Example","com.example.demo.tests.authorsapitests.negative.DeleteAuthorByIdNegativeTests","com.example.demo.tests.authorsapitests.negative.DeleteAuthorByIdNegativeTests","step2","step2","DELETE author by id: Verify invalid id error with invalid author id"
"passed","Sat Apr 26 03:33:44 GMT 2025","Sat Apr 26 03:33:45 GMT 2025","423","Regression","Example","com.example.demo.tests.booksapitests.negative.PutBookNegativeTests","com.example.demo.tests.booksapitests.negative.PutBookNegativeTests","step3","step3","PUT book: Verify error with invalid property"
"passed","Sat Apr 26 03:33:42 GMT 2025","Sat Apr 26 03:33:42 GMT 2025","405","Regression","Example","com.example.demo.tests.booksapitests.negative.PutBookNegativeTests","com.example.demo.tests.booksapitests.negative.PutBookNegativeTests","step3","step3","PUT book: Verify error with invalid property"
"passed","Sat Apr 26 03:33:46 GMT 2025","Sat Apr 26 03:33:46 GMT 2025","409","Regression","Example","com.example.demo.tests.booksapitests.negative.PutBookNegativeTests","com.example.demo.tests.booksapitests.negative.PutBookNegativeTests","step3","step3","PUT book: Verify error with invalid property"
"passed","Sat Apr 26 03:33:45 GMT 2025","Sat Apr 26 03:33:45 GMT 2025","399","Regression","Example","com.example.demo.tests.authorsapitests.negative.PutAuthorNegativeTests","com.example.demo.tests.authorsapitests.negative.PutAuthorNegativeTests","step3","step3","PUT author: Verify error with invalid property"
"passed","Sat Apr 26 03:33:51 GMT 2025","Sat Apr 26 03:33:52 GMT 2025","412","Regression","Example","com.example.demo.tests.booksapitests.negative.PutBookNegativeTests","com.example.demo.tests.booksapitests.negative.PutBookNegativeTests","step3","step3","PUT book: Verify error with invalid property"
"passed","Sat Apr 26 03:33:37 GMT 2025","Sat Apr 26 03:33:37 GMT 2025","475","Regression","Example","com.example.demo.tests.authorsapitests.negative.PutAuthorNegativeTests","com.example.demo.tests.authorsapitests.negative.PutAuthorNegativeTests","step2","step2","PUT author by id: Verify invalid id error with invalid author id"
"passed","Sat Apr 26 03:33:51 GMT 2025","Sat Apr 26 03:33:51 GMT 2025","413","Regression","Example","com.example.demo.tests.booksapitests.negative.PutBookNegativeTests","com.example.demo.tests.booksapitests.negative.PutBookNegativeTests","step3","step3","PUT book: Verify error with invalid property"
"passed","Sat Apr 26 03:33:41 GMT 2025","Sat Apr 26 03:33:42 GMT 2025","401","Regression","Example","com.example.demo.tests.booksapitests.negative.PostBookNegativeTests","com.example.demo.tests.booksapitests.negative.PostBookNegativeTests","testStep1","testStep1","POST book: Verify error with invalid property"
"passed","Sat Apr 26 03:33:43 GMT 2025","Sat Apr 26 03:33:44 GMT 2025","412","Regression","Example","com.example.demo.tests.booksapitests.negative.PostBookNegativeTests","com.example.demo.tests.booksapitests.negative.PostBookNegativeTests","testStep1","testStep1","POST book: Verify error with invalid property"
"passed","Sat Apr 26 03:33:42 GMT 2025","Sat Apr 26 03:33:43 GMT 2025","408","Regression","Example","com.example.demo.tests.booksapitests.negative.PostBookNegativeTests","com.example.demo.tests.booksapitests.negative.PostBookNegativeTests","testStep1","testStep1","POST book: Verify error with invalid property"
"failed","Sat Apr 26 03:33:34 GMT 2025","Sat Apr 26 03:33:36 GMT 2025","2089","Regression","Example","com.example.demo.tests.authorsapitests.negative.PutAuthorNegativeTests","com.example.demo.tests.authorsapitests.negative.PutAuthorNegativeTests","step1","step1","PUT author by id: Verify not found error with non existing author id"
"passed","Sat Apr 26 03:33:49 GMT 2025","Sat Apr 26 03:33:50 GMT 2025","397","Regression","Example","com.example.demo.tests.booksapitests.negative.PutBookNegativeTests","com.example.demo.tests.booksapitests.negative.PutBookNegativeTests","step3","step3","PUT book: Verify error with invalid property"
"passed","Sat Apr 26 03:33:40 GMT 2025","Sat Apr 26 03:33:41 GMT 2025","406","Regression","Example","com.example.demo.tests.authorsapitests.negative.PutAuthorNegativeTests","com.example.demo.tests.authorsapitests.negative.PutAuthorNegativeTests","step3","step3","PUT author: Verify error with invalid property"
"passed","Sat Apr 26 03:33:53 GMT 2025","Sat Apr 26 03:33:54 GMT 2025","405","Regression","Example","com.example.demo.tests.booksapitests.negative.PostBookNegativeTests","com.example.demo.tests.booksapitests.negative.PostBookNegativeTests","testStep1","testStep1","POST book: Verify error with invalid property"
"passed","Sat Apr 26 03:33:40 GMT 2025","Sat Apr 26 03:33:40 GMT 2025","406","Regression","Example","com.example.demo.tests.authorsapitests.negative.PostAuthorNegativeTests","com.example.demo.tests.authorsapitests.negative.PostAuthorNegativeTests","testStep1","testStep1","POST author: Verify error with invalid property"
"passed","Sat Apr 26 03:33:40 GMT 2025","Sat Apr 26 03:33:40 GMT 2025","410","Regression","Example","com.example.demo.tests.authorsapitests.negative.PutAuthorNegativeTests","com.example.demo.tests.authorsapitests.negative.PutAuthorNegativeTests","step3","step3","PUT author: Verify error with invalid property"
"failed","Sat Apr 26 03:33:39 GMT 2025","Sat Apr 26 03:33:39 GMT 2025","404","Regression","Example","com.example.demo.tests.booksapitests.negative.DeleteBookByIdNegativeTests","com.example.demo.tests.booksapitests.negative.DeleteBookByIdNegativeTests","step1","step1","DELETE book by id: Verify not found error with non existing book id"
"passed","Sat Apr 26 03:33:41 GMT 2025","Sat Apr 26 03:33:41 GMT 2025","404","Regression","Example","com.example.demo.tests.booksapitests.negative.PutBookNegativeTests","com.example.demo.tests.booksapitests.negative.PutBookNegativeTests","step2","step2","PUT book by id: Verify invalid id error with invalid book id"
"failed","Sat Apr 26 03:33:37 GMT 2025","Sat Apr 26 03:33:38 GMT 2025","414","Regression","Example","com.example.demo.tests.authorsapitests.negative.PostAuthorNegativeTests","com.example.demo.tests.authorsapitests.negative.PostAuthorNegativeTests","testStep1","testStep1","POST author: Verify error with invalid property"
"passed","Sat Apr 26 03:33:39 GMT 2025","Sat Apr 26 03:33:40 GMT 2025","418","Regression","Example","com.example.demo.tests.authorsapitests.happy.PutAuthorHappyTests","com.example.demo.tests.authorsapitests.happy.PutAuthorHappyTests","testStep1","testStep1","PUT author: Verify that an updated Author is accepted and response body is correct"
"passed","Sat Apr 26 03:33:50 GMT 2025","Sat Apr 26 03:33:51 GMT 2025","404","Regression","Example","com.example.demo.tests.booksapitests.negative.PutBookNegativeTests","com.example.demo.tests.booksapitests.negative.PutBookNegativeTests","step3","step3","PUT book: Verify error with invalid property"
"passed","Sat Apr 26 03:33:46 GMT 2025","Sat Apr 26 03:33:47 GMT 2025","407","Regression","Example","com.example.demo.tests.booksapitests.happy.DeleteBookByIdHappyTest","com.example.demo.tests.booksapitests.happy.DeleteBookByIdHappyTest","step1","step1","DELETE book by id: Verify a book can be deleted and response body is empty"
"passed","Sat Apr 26 03:33:45 GMT 2025","Sat Apr 26 03:33:45 GMT 2025","405","Regression","Example","com.example.demo.tests.booksapitests.negative.PostBookNegativeTests","com.example.demo.tests.booksapitests.negative.PostBookNegativeTests","testStep1","testStep1","POST book: Verify error with invalid property"
"passed","Sat Apr 26 03:33:46 GMT 2025","Sat Apr 26 03:33:47 GMT 2025","762","Regression","Example","com.example.demo.tests.booksapitests.happy.GetAllBooksHappyTest","com.example.demo.tests.booksapitests.happy.GetAllBooksHappyTest","step1","step1","GET all books: Verify all books can be retrieved and response matches JSON schema"
"passed","Sat Apr 26 03:33:55 GMT 2025","Sat Apr 26 03:33:55 GMT 2025","397","Regression","Example","com.example.demo.tests.booksapitests.negative.PutBookNegativeTests","com.example.demo.tests.booksapitests.negative.PutBookNegativeTests","step3","step3","PUT book: Verify error with invalid property"
"passed","Sat Apr 26 03:33:43 GMT 2025","Sat Apr 26 03:33:44 GMT 2025","402","Regression","Example","com.example.demo.tests.authorsapitests.negative.PutAuthorNegativeTests","com.example.demo.tests.authorsapitests.negative.PutAuthorNegativeTests","step3","step3","PUT author: Verify error with invalid property"
"passed","Sat Apr 26 03:33:34 GMT 2025","Sat Apr 26 03:33:36 GMT 2025","2890","Regression","Example","com.example.demo.tests.authorsapitests.negative.PostAuthorNegativeTests","com.example.demo.tests.authorsapitests.negative.PostAuthorNegativeTests","testStep1","testStep1","POST author: Verify error with invalid property"
"failed","Sat Apr 26 03:33:36 GMT 2025","Sat Apr 26 03:33:36 GMT 2025","479","Regression","Example","com.example.demo.tests.authorsapitests.negative.DeleteAuthorByIdNegativeTests","com.example.demo.tests.authorsapitests.negative.DeleteAuthorByIdNegativeTests","step1","step1","DELETE author by id: Verify not found error with non existing author id"
"passed","Sat Apr 26 03:33:43 GMT 2025","Sat Apr 26 03:33:44 GMT 2025","401","Regression","Example","com.example.demo.tests.authorsapitests.negative.PostAuthorNegativeTests","com.example.demo.tests.authorsapitests.negative.PostAuthorNegativeTests","testStep1","testStep1","POST author: Verify error with invalid property"
"passed","Sat Apr 26 03:33:45 GMT 2025","Sat Apr 26 03:33:45 GMT 2025","401","Regression","Example","com.example.demo.tests.booksapitests.happy.PostBookHappyTests","com.example.demo.tests.booksapitests.happy.PostBookHappyTests","testStep1","testStep1","POST book: Verify that a new Book is accepted and response body is correct"
"passed","Sat Apr 26 03:33:43 GMT 2025","Sat Apr 26 03:33:44 GMT 2025","406","Regression","Example","com.example.demo.tests.booksapitests.negative.PutBookNegativeTests","com.example.demo.tests.booksapitests.negative.PutBookNegativeTests","step3","step3","PUT book: Verify error with invalid property"
"passed","Sat Apr 26 03:33:54 GMT 2025","Sat Apr 26 03:33:54 GMT 2025","406","Regression","Example","com.example.demo.tests.booksapitests.negative.PutBookNegativeTests","com.example.demo.tests.booksapitests.negative.PutBookNegativeTests","step3","step3","PUT book: Verify error with invalid property"
"passed","Sat Apr 26 03:33:46 GMT 2025","Sat Apr 26 03:33:47 GMT 2025","411","Regression","Example","com.example.demo.tests.booksapitests.negative.PostBookNegativeTests","com.example.demo.tests.booksapitests.negative.PostBookNegativeTests","testStep1","testStep1","POST book: Verify error with invalid property"
"passed","Sat Apr 26 03:33:46 GMT 2025","Sat Apr 26 03:33:46 GMT 2025","403","Regression","Example","com.example.demo.tests.authorsapitests.negative.PostAuthorNegativeTests","com.example.demo.tests.authorsapitests.negative.PostAuthorNegativeTests","testStep1","testStep1","POST author: Verify error with invalid property"
"failed","Sat Apr 26 03:33:43 GMT 2025","Sat Apr 26 03:33:43 GMT 2025","398","Regression","Example","com.example.demo.tests.booksapitests.negative.PostBookNegativeTests","com.example.demo.tests.booksapitests.negative.PostBookNegativeTests","testStep1","testStep1","POST book: Verify error with invalid property"
"passed","Sat Apr 26 03:33:40 GMT 2025","Sat Apr 26 03:33:40 GMT 2025","401","Regression","Example","com.example.demo.tests.authorsapitests.negative.PostAuthorNegativeTests","com.example.demo.tests.authorsapitests.negative.PostAuthorNegativeTests","testStep1","testStep1","POST author: Verify error with invalid property"
"passed","Sat Apr 26 03:33:39 GMT 2025","Sat Apr 26 03:33:39 GMT 2025","405","Regression","Example","com.example.demo.tests.authorsapitests.negative.PutAuthorNegativeTests","com.example.demo.tests.authorsapitests.negative.PutAuthorNegativeTests","step3","step3","PUT author: Verify error with invalid property"
"passed","Sat Apr 26 03:33:48 GMT 2025","Sat Apr 26 03:33:49 GMT 2025","398","Regression","Example","com.example.demo.tests.booksapitests.happy.PutBookHappyTests","com.example.demo.tests.booksapitests.happy.PutBookHappyTests","testStep1","testStep1","PUT book: Verify that an updated Book is accepted and response body is correct"
"passed","Sat Apr 26 03:33:40 GMT 2025","Sat Apr 26 03:33:41 GMT 2025","405","Regression","Example","com.example.demo.tests.booksapitests.negative.DeleteBookByIdNegativeTests","com.example.demo.tests.booksapitests.negative.DeleteBookByIdNegativeTests","step2","step2","DELETE book by id: Verify invalid id error with invalid book id"
"passed","Sat Apr 26 03:33:38 GMT 2025","Sat Apr 26 03:33:39 GMT 2025","418","Regression","Example","com.example.demo.tests.authorsapitests.negative.GetAuthorByIdNegativeTests","com.example.demo.tests.authorsapitests.negative.GetAuthorByIdNegativeTests","step2","step2","GET author by id: Verify invalid id error with invalid author id"
"passed","Sat Apr 26 03:33:41 GMT 2025","Sat Apr 26 03:33:41 GMT 2025","407","Regression","Example","com.example.demo.tests.authorsapitests.negative.PutAuthorNegativeTests","com.example.demo.tests.authorsapitests.negative.PutAuthorNegativeTests","step3","step3","PUT author: Verify error with invalid property"
"passed","Sat Apr 26 03:33:47 GMT 2025","Sat Apr 26 03:33:47 GMT 2025","417","Regression","Example","com.example.demo.tests.booksapitests.happy.PutBookHappyTests","com.example.demo.tests.booksapitests.happy.PutBookHappyTests","testStep1","testStep1","PUT book: Verify that an updated Book is accepted and response body is correct"
"passed","Sat Apr 26 03:33:48 GMT 2025","Sat Apr 26 03:33:49 GMT 2025","407","Regression","Example","com.example.demo.tests.booksapitests.negative.PutBookNegativeTests","com.example.demo.tests.booksapitests.negative.PutBookNegativeTests","step3","step3","PUT book: Verify error with invalid property"
"passed","Sat Apr 26 03:33:50 GMT 2025","Sat Apr 26 03:33:51 GMT 2025","440","Regression","Example","com.example.demo.tests.booksapitests.negative.PostBookNegativeTests","com.example.demo.tests.booksapitests.negative.PostBookNegativeTests","testStep1","testStep1","POST book: Verify error with invalid property"
"passed","Sat Apr 26 03:33:47 GMT 2025","Sat Apr 26 03:33:48 GMT 2025","416","Regression","Example","com.example.demo.tests.booksapitests.happy.PutBookHappyTests","com.example.demo.tests.booksapitests.happy.PutBookHappyTests","testStep1","testStep1","PUT book: Verify that an updated Book is accepted and response body is correct"
"failed","Sat Apr 26 03:33:41 GMT 2025","Sat Apr 26 03:33:41 GMT 2025","400","Regression","Example","com.example.demo.tests.booksapitests.negative.PutBookNegativeTests","com.example.demo.tests.booksapitests.negative.PutBookNegativeTests","step1","step1","PUT book by id: Verify not found error with non existing book id"
"passed","Sat Apr 26 03:33:41 GMT 2025","Sat Apr 26 03:33:41 GMT 2025","410","Regression","Example","com.example.demo.tests.booksapitests.negative.DeleteBookByIdNegativeTests","com.example.demo.tests.booksapitests.negative.DeleteBookByIdNegativeTests","step2","step2","DELETE book by id: Verify invalid id error with invalid book id"
"passed","Sat Apr 26 03:33:37 GMT 2025","Sat Apr 26 03:33:38 GMT 2025","422","Regression","Example","com.example.demo.tests.authorsapitests.happy.GetAuthorByIdHappyTest","com.example.demo.tests.authorsapitests.happy.GetAuthorByIdHappyTest","step1","step1","GET author by id: Verify a author can be retrieved and response matches JSON schema"
"passed","Sat Apr 26 03:33:54 GMT 2025","Sat Apr 26 03:33:55 GMT 2025","420","Regression","Example","com.example.demo.tests.booksapitests.negative.PostBookNegativeTests","com.example.demo.tests.booksapitests.negative.PostBookNegativeTests","testStep1","testStep1","POST book: Verify error with invalid property"
"passed","Sat Apr 26 03:33:39 GMT 2025","Sat Apr 26 03:33:40 GMT 2025","408","Regression","Example","com.example.demo.tests.authorsapitests.negative.PostAuthorNegativeTests","com.example.demo.tests.authorsapitests.negative.PostAuthorNegativeTests","testStep1","testStep1","POST author: Verify error with invalid property"
"passed","Sat Apr 26 03:33:45 GMT 2025","Sat Apr 26 03:33:46 GMT 2025","418","Regression","Example","com.example.demo.tests.booksapitests.negative.PutBookNegativeTests","com.example.demo.tests.booksapitests.negative.PutBookNegativeTests","step3","step3","PUT book: Verify error with invalid property"
"passed","Sat Apr 26 03:33:45 GMT 2025","Sat Apr 26 03:33:46 GMT 2025","398","Regression","Example","com.example.demo.tests.booksapitests.happy.PostBookHappyTests","com.example.demo.tests.booksapitests.happy.PostBookHappyTests","testStep1","testStep1","POST book: Verify that a new Book is accepted and response body is correct"
"failed","Sat Apr 26 03:33:46 GMT 2025","Sat Apr 26 03:33:46 GMT 2025","395","Regression","Example","com.example.demo.tests.booksapitests.negative.PutBookNegativeTests","com.example.demo.tests.booksapitests.negative.PutBookNegativeTests","step3","step3","PUT book: Verify error with invalid property"
"passed","Sat Apr 26 03:33:41 GMT 2025","Sat Apr 26 03:33:42 GMT 2025","409","Regression","Example","com.example.demo.tests.authorsapitests.negative.PostAuthorNegativeTests","com.example.demo.tests.authorsapitests.negative.PostAuthorNegativeTests","testStep1","testStep1","POST author: Verify error with invalid property"
"passed","Sat Apr 26 03:33:39 GMT 2025","Sat Apr 26 03:33:40 GMT 2025","409","Regression","Example","com.example.demo.tests.authorsapitests.negative.PutAuthorNegativeTests","com.example.demo.tests.authorsapitests.negative.PutAuthorNegativeTests","step3","step3","PUT author: Verify error with invalid property"
"passed","Sat Apr 26 03:33:39 GMT 2025","Sat Apr 26 03:33:39 GMT 2025","405","Regression","Example","com.example.demo.tests.authorsapitests.happy.PostAuthorHappyTests","com.example.demo.tests.authorsapitests.happy.PostAuthorHappyTests","testStep1","testStep1","POST author: Verify that a new Author is accepted and response body is correct"
"passed","Sat Apr 26 03:33:47 GMT 2025","Sat Apr 26 03:33:47 GMT 2025","417","Regression","Example","com.example.demo.tests.booksapitests.happy.GetBookByIdHappyTest","com.example.demo.tests.booksapitests.happy.GetBookByIdHappyTest","step1","step1","GET book by id: Verify a book can be retrieved and response matches JSON schema"
"passed","Sat Apr 26 03:33:44 GMT 2025","Sat Apr 26 03:33:44 GMT 2025","418","Regression","Example","com.example.demo.tests.authorsapitests.negative.PutAuthorNegativeTests","com.example.demo.tests.authorsapitests.negative.PutAuthorNegativeTests","step3","step3","PUT author: Verify error with invalid property"
"passed","Sat Apr 26 03:33:44 GMT 2025","Sat Apr 26 03:33:44 GMT 2025","400","Regression","Example","com.example.demo.tests.authorsapitests.negative.PostAuthorNegativeTests","com.example.demo.tests.authorsapitests.negative.PostAuthorNegativeTests","testStep1","testStep1","POST author: Verify error with invalid property"
"passed","Sat Apr 26 03:33:40 GMT 2025","Sat Apr 26 03:33:41 GMT 2025","419","Regression","Example","com.example.demo.tests.booksapitests.negative.PutBookNegativeTests","com.example.demo.tests.booksapitests.negative.PutBookNegativeTests","step2","step2","PUT book by id: Verify invalid id error with invalid book id"
"passed","Sat Apr 26 03:33:49 GMT 2025","Sat Apr 26 03:33:50 GMT 2025","402","Regression","Example","com.example.demo.tests.booksapitests.negative.PostBookNegativeTests","com.example.demo.tests.booksapitests.negative.PostBookNegativeTests","testStep1","testStep1","POST book: Verify error with invalid property"
"passed","Sat Apr 26 03:33:42 GMT 2025","Sat Apr 26 03:33:42 GMT 2025","404","Regression","Example","com.example.demo.tests.authorsapitests.negative.PostAuthorNegativeTests","com.example.demo.tests.authorsapitests.negative.PostAuthorNegativeTests","testStep1","testStep1","POST author: Verify error with invalid property"
"passed","Sat Apr 26 03:33:53 GMT 2025","Sat Apr 26 03:33:54 GMT 2025","400","Regression","Example","com.example.demo.tests.booksapitests.negative.PutBookNegativeTests","com.example.demo.tests.booksapitests.negative.PutBookNegativeTests","step3","step3","PUT book: Verify error with invalid property"
"passed","Sat Apr 26 03:33:38 GMT 2025","Sat Apr 26 03:33:39 GMT 2025","418","Regression","Example","com.example.demo.tests.authorsapitests.happy.PutAuthorHappyTests","com.example.demo.tests.authorsapitests.happy.PutAuthorHappyTests","testStep1","testStep1","PUT author: Verify that an updated Author is accepted and response body is correct"
"passed","Sat Apr 26 03:33:40 GMT 2025","Sat Apr 26 03:33:40 GMT 2025","404","Regression","Example","com.example.demo.tests.authorsapitests.happy.PostAuthorHappyTests","com.example.demo.tests.authorsapitests.happy.PostAuthorHappyTests","testStep1","testStep1","POST author: Verify that a new Author is accepted and response body is correct"
"passed","Sat Apr 26 03:33:44 GMT 2025","Sat Apr 26 03:33:44 GMT 2025","420","Regression","Example","com.example.demo.tests.booksapitests.negative.GetBookByIdNegativeTests","com.example.demo.tests.booksapitests.negative.GetBookByIdNegativeTests","step2","step2","GET book by id: Verify invalid id error with invalid book id"
"passed","Sat Apr 26 03:33:45 GMT 2025","Sat Apr 26 03:33:45 GMT 2025","406","Regression","Example","com.example.demo.tests.authorsapitests.negative.PutAuthorNegativeTests","com.example.demo.tests.authorsapitests.negative.PutAuthorNegativeTests","step3","step3","PUT author: Verify error with invalid property"
"passed","Sat Apr 26 03:33:47 GMT 2025","Sat Apr 26 03:33:47 GMT 2025","403","Regression","Example","com.example.demo.tests.booksapitests.negative.PostBookNegativeTests","com.example.demo.tests.booksapitests.negative.PostBookNegativeTests","testStep1","testStep1","POST book: Verify error with invalid property"
"passed","Sat Apr 26 03:33:40 GMT 2025","Sat Apr 26 03:33:41 GMT 2025","408","Regression","Example","com.example.demo.tests.authorsapitests.negative.PostAuthorNegativeTests","com.example.demo.tests.authorsapitests.negative.PostAuthorNegativeTests","testStep1","testStep1","POST author: Verify error with invalid property"
"passed","Sat Apr 26 03:33:40 GMT 2025","Sat Apr 26 03:33:40 GMT 2025","405","Regression","Example","com.example.demo.tests.booksapitests.negative.DeleteBookByIdNegativeTests","com.example.demo.tests.booksapitests.negative.DeleteBookByIdNegativeTests","step2","step2","DELETE book by id: Verify invalid id error with invalid book id"
"passed","Sat Apr 26 03:33:45 GMT 2025","Sat Apr 26 03:33:45 GMT 2025","397","Regression","Example","com.example.demo.tests.authorsapitests.negative.PostAuthorNegativeTests","com.example.demo.tests.authorsapitests.negative.PostAuthorNegativeTests","testStep1","testStep1","POST author: Verify error with invalid property"
"passed","Sat Apr 26 03:33:40 GMT 2025","Sat Apr 26 03:33:40 GMT 2025","429","Regression","Example","com.example.demo.tests.authorsapitests.happy.PutAuthorHappyTests","com.example.demo.tests.authorsapitests.happy.PutAuthorHappyTests","testStep1","testStep1","PUT author: Verify that an updated Author is accepted and response body is correct"
"failed","Sat Apr 26 03:33:46 GMT 2025","Sat Apr 26 03:33:46 GMT 2025","396","Regression","Example","com.example.demo.tests.booksapitests.negative.PostBookNegativeTests","com.example.demo.tests.booksapitests.negative.PostBookNegativeTests","testStep1","testStep1","POST book: Verify error with invalid property"
"passed","Sat Apr 26 03:33:51 GMT 2025","Sat Apr 26 03:33:51 GMT 2025","400","Regression","Example","com.example.demo.tests.booksapitests.negative.PutBookNegativeTests","com.example.demo.tests.booksapitests.negative.PutBookNegativeTests","step3","step3","PUT book: Verify error with invalid property"
"failed","Sat Apr 26 03:33:39 GMT 2025","Sat Apr 26 03:33:40 GMT 2025","416","Regression","Example","com.example.demo.tests.booksapitests.negative.DeleteBookByIdNegativeTests","com.example.demo.tests.booksapitests.negative.DeleteBookByIdNegativeTests","step1","step1","DELETE book by id: Verify not found error with non existing book id"
"passed","Sat Apr 26 03:33:52 GMT 2025","Sat Apr 26 03:33:52 GMT 2025","400","Regression","Example","com.example.demo.tests.booksapitests.negative.PutBookNegativeTests","com.example.demo.tests.booksapitests.negative.PutBookNegativeTests","step3","step3","PUT book: Verify error with invalid property"
"passed","Sat Apr 26 03:33:34 GMT 2025","Sat Apr 26 03:33:36 GMT 2025","2892","Regression","Example","com.example.demo.tests.authorsapitests.negative.DeleteAuthorByIdNegativeTests","com.example.demo.tests.authorsapitests.negative.DeleteAuthorByIdNegativeTests","step2","step2","DELETE author by id: Verify invalid id error with invalid author id"
"passed","Sat Apr 26 03:33:37 GMT 2025","Sat Apr 26 03:33:37 GMT 2025","423","Regression","Example","com.example.demo.tests.authorsapitests.negative.PutAuthorNegativeTests","com.example.demo.tests.authorsapitests.negative.PutAuthorNegativeTests","step2","step2","PUT author by id: Verify invalid id error with invalid author id"
"passed","Sat Apr 26 03:33:47 GMT 2025","Sat Apr 26 03:33:48 GMT 2025","416","Regression","Example","com.example.demo.tests.booksapitests.negative.PostBookNegativeTests","com.example.demo.tests.booksapitests.negative.PostBookNegativeTests","testStep1","testStep1","POST book: Verify error with invalid property"
"passed","Sat Apr 26 03:33:54 GMT 2025","Sat Apr 26 03:33:55 GMT 2025","404","Regression","Example","com.example.demo.tests.booksapitests.negative.PutBookNegativeTests","com.example.demo.tests.booksapitests.negative.PutBookNegativeTests","step3","step3","PUT book: Verify error with invalid property"
"passed","Sat Apr 26 03:33:37 GMT 2025","Sat Apr 26 03:33:37 GMT 2025","464","Regression","Example","com.example.demo.tests.authorsapitests.negative.PutAuthorNegativeTests","com.example.demo.tests.authorsapitests.negative.PutAuthorNegativeTests","step3","step3","PUT author: Verify error with invalid property"
"passed","Sat Apr 26 03:33:37 GMT 2025","Sat Apr 26 03:33:37 GMT 2025","445","Regression","Example","com.example.demo.tests.authorsapitests.negative.PostAuthorNegativeTests","com.example.demo.tests.authorsapitests.negative.PostAuthorNegativeTests","testStep1","testStep1","POST author: Verify error with invalid property"
"passed","Sat Apr 26 03:33:46 GMT 2025","Sat Apr 26 03:33:46 GMT 2025","398","Regression","Example","com.example.demo.tests.authorsapitests.negative.PutAuthorNegativeTests","com.example.demo.tests.authorsapitests.negative.PutAuthorNegativeTests","step3","step3","PUT author: Verify error with invalid property"
"failed","Sat Apr 26 03:33:53 GMT 2025","Sat Apr 26 03:33:53 GMT 2025","395","Regression","Example","com.example.demo.tests.booksapitests.negative.PostBookNegativeTests","com.example.demo.tests.booksapitests.negative.PostBookNegativeTests","testStep1","testStep1","POST book: Verify error with invalid property"
